,Color,Hex_val,ave_pix_val,Mood,chord/key
0,White,#f4f6f7,240,Energetic,white.wav
1,White,#f4f6f7,241,Energetic,white.wav
2,White,#f4f6f7,242,Energetic,white.wav
3,White,#f4f6f7,243,Energetic,white.wav
4,White,#f4f6f7,244,Energetic,white.wav
5,White,#f4f6f7,245,Energetic,white.wav
6,White,#f4f6f7,246,Energetic,white.wav
7,White,#f4f6f7,247,Energetic,white.wav
8,White,#f4f6f7,248,Energetic,white.wav
9,White,#f4f6f7,249,Energetic,white.wav
10,Light yellow,#fcff86,220,Happiness,lightyellow.wav
11,Light yellow,#fcff86,221,Happiness,lightyellow.wav
12,Light yellow,#fcff86,222,Happiness,lightyellow.wav
13,Light yellow,#fcff86,223,Happiness,lightyellow.wav
14,Light yellow,#fcff86,224,Happiness,lightyellow.wav
15,Bright white,#ffffff,250,clean,brightwhite.wav
16,Bright white,#ffffff,251,clean,brightwhite.wav
17,Bright white,#ffffff,252,clean,brightwhite.wav
18,Bright white,#ffffff,253,clean,brightwhite.wav
19,Bright white,#ffffff,254,clean,brightwhite.wav
20,Dark yellow,#EEC602,110,Warmth,darkyellow.wav
21,Dark yellow,#EEC602,111,Warmth,darkyellow.wav
22,Dark yellow,#EEC602,112,Warmth,darkyellow.wav
23,Dark yellow,#EEC602,113,Warmth,darkyellow.wav
24,Dark yellow,#EEC602,114,Warmth,darkyellow.wav
25,Yellow,#FDEC00,165,Cheer,yellow.wav
26,Yellow,#FDEC00,166,Cheer,yellow.wav
27,Yellow,#FDEC00,167,Cheer,yellow.wav
28,Yellow,#FDEC00,168,Cheer,yellow.wav
29,Yellow,#FDEC00,169,Cheer,yellow.wav
30,Dark orange,#FA8F01,100,Confidence,darkorange.wav
31,Dark orange,#FA8F01,101,Confidence,darkorange.wav
32,Dark orange,#FA8F01,102,Confidence,darkorange.wav
33,Dark orange,#FA8F01,103,Confidence,darkorange.wav
34,Dark orange,#FA8F01,104,Confidence,darkorange.wav
35,Dark orange-5,#E85300,105,success,darkorange-5.wav
36,Dark orange-5,#E85300,106,success,darkorange-5.wav
37,Dark orange-5,#E85300,107,success,darkorange-5.wav
38,Dark orange-5,#E85300,108,success,darkorange-5.wav
39,Dark orange-5,#E85300,109,success,darkorange-5.wav
40,Light brown,#D1B091,120,simple,lightbrown.wav
41,Light brown,#D1B091,121,simple,lightbrown.wav
42,Light brown,#D1B091,122,simple,lightbrown.wav
43,Light brown,#D1B091,123,simple,lightbrown.wav
44,Light brown,#D1B091,124,simple,lightbrown.wav
45,purple,#9312AC,125,Royality,purple.wav
46,purple,#9312AC,126,Royality,purple.wav
47,purple,#9312AC,127,Royality,purple.wav
48,purple,#9312AC,128,Royality,purple.wav
49,purple,#9312AC,129,Royality,purple.wav
50,lilac,#D291D6,130,luxury,lilac1.wav
51,lilac,#D291D6,131,luxury,lilac1.wav
52,lilac,#D291D6,132,luxury,lilac1.wav
53,lilac,#D291D6,133,luxury,lilac1.wav
54,lilac,#D291D6,134,luxury,lilac1.wav
55,lilac-2,#EBC7ED,135,Ambition,lilac2.wav
56,lilac-2,#EBC7ED,136,Ambition,lilac2.wav
57,lilac-2,#EBC7ED,137,Ambition,lilac2.wav
58,lilac-2,#EBC7ED,138,Ambition,lilac2.wav
59,lilac-2,#EBC7ED,139,Ambition,lilac2.wav
60,blue,#60B3F7,190,Trust,blue.wav
61,blue,#60B3F7,191,Trust,blue.wav
62,blue,#60B3F7,192,Trust,blue.wav
63,blue,#60B3F7,193,Trust,blue.wav
64,blue,#60B3F7,194,Trust,blue.wav
65,navey blue-1,#3A5D9D,50,competence,naveyblue-1.wav
66,navey blue-1,#3A5D9D,51,competence,naveyblue-1.wav
67,navey blue-1,#3A5D9D,52,competence,naveyblue-1.wav
68,navey blue-1,#3A5D9D,53,competence,naveyblue-1.wav
69,navey blue-1,#3A5D9D,54,competence,naveyblue-1.wav
70,navey blue,#3949AB,55,peace,naveyblue.wav
71,navey blue,#3949AB,56,peace,naveyblue.wav
72,navey blue,#3949AB,57,peace,naveyblue.wav
73,navey blue,#3949AB,58,peace,naveyblue.wav
74,navey blue,#3949AB,59,peace,naveyblue.wav
75,navey blue-3,#303F9F,60,loyality,naveyblue-3.wav
76,navey blue-3,#303F9F,61,loyality,naveyblue-3.wav
77,navey blue-3,#303F9F,62,loyality,naveyblue-3.wav
78,navey blue-3,#303F9F,63,loyality,naveyblue-3.wav
79,navey blue-3,#303F9F,64,loyality,naveyblue-3.wav
80,Dark pink,#AE4540,65,sophistication,dark pink.wav
81,Dark pink,#AE4540,66,sophistication,dark pink.wav
82,Dark pink,#AE4540,67,sophistication,dark pink.wav
83,Dark pink,#AE4540,68,sophistication,dark pink.wav
84,Dark pink,#AE4540,69,sophistication,dark pink.wav
85,Dark pink-2,#E53731,70,sincerity,darkpink-2.wav
86,Dark pink-2,#E53731,71,sincerity,darkpink-2.wav
87,Dark pink-2,#E53731,72,sincerity,darkpink-2.wav
88,Dark pink-2,#E53731,73,sincerity,darkpink-2.wav
89,Dark pink-2,#E53731,74,sincerity,darkpink-2.wav
90,Brown,#9A4C0L,115,rugged,brown.wav
91,Brown,#9A4C0L,116,rugged,brown.wav
92,Brown,#9A4C0L,117,rugged,brown.wav
93,Brown,#9A4C0L,118,rugged,brown.wav
94,Brown,#9A4C0L,119,rugged,brown.wav
95,dark red,#8B0000,20,exciment,darkred.wav
96,dark red,#8B0000,21,exciment,darkred.wav
97,dark red,#8B0000,22,exciment,darkred.wav
98,dark red,#8B0000,23,exciment,darkred.wav
99,dark red,#8B0000,24,exciment,darkred.wav
100,dark green,#006400,25,freshness,darkgreen.wav
101,dark green,#006400,26,freshness,darkgreen.wav
102,dark green,#006400,27,freshness,darkgreen.wav
103,dark green,#006400,28,freshness,darkgreen.wav
104,dark green,#006400,29,freshness,darkgreen.wav
105,dark green-1,#008000,30,healing,white.wav
106,dark green-1,#008000,31,healing,white.wav
107,dark green-1,#008000,32,healing,white.wav
108,dark green-1,#008000,33,healing,white.wav
109,dark green-1,#008000,34,healing,white.wav
110,green,#228B22,80,nature,green.wav
111,green,#228B22,81,nature,green.wav
112,green,#228B22,82,nature,green.wav
113,dark brown,#8B4513,83,Trustworthy,dark brown.wav
114,dark brown,#8B4513,84,Trustworthy,dark brown.wav
115,dark brown,#8B4513,85,Trustworthy,dark brown.wav
116,gray,#808080,15,comfort,gray.wav
117,gray,#808080,16,comfort,gray.wav
118,gray,#808080,17,comfort,gray.wav
119,gray,#808080,18,comfort,gray.wav
120,gray,#808080,19,comfort,gray.wav
121,light pink,#FFB6C1,225,sweet,lightpink.wav
122,light pink,#FFB6C1,226,sweet,lightpink.wav
123,light pink,#FFB6C1,227,sweet,lightpink.wav
124,light pink,#FFB6C1,228,sweet,lightpink.wav
125,light pink,#FFB6C1,229,sweet,lightpink.wav
126,light blue,#4682B4,230,competence,lightblue.wav
127,light blue,#4682B4,231,competence,lightblue.wav
128,light blue,#4682B4,232,competence,lightblue.wav
129,light blue,#4682B4,233,competence,lightblue.wav
130,light blue,#4682B4,234,competence,lightblue.wav
131,light blue-1,#6495ED,235,trust,lightblue-1.wav
132,light blue-1,#6495ED,236,trust,lightblue-1.wav
133,light blue-1,#6495ED,237,trust,lightblue-1.wav
134,light blue-1,#6495ED,238,trust,lightblue-1.wav
135,light blue-1,#6495ED,239,trust,lightblue-1.wav
136,light red,#FF0000,170,excitment,lightred.wav
137,light red,#FF0000,171,excitment,lightred.wav
138,light red,#FF0000,172,excitment,lightred.wav
139,light red,#FF0000,173,excitment,lightred.wav
140,light red,#FF0000,174,excitment,lightred.wav
141,light red-1,#B22222,175,strength,lightred-1.wav
142,light red-1,#B22222,176,strength,lightred-1.wav
143,light red-1,#B22222,177,strength,lightred-1.wav
144,light red-1,#B22222,178,strength,lightred-1.wav
145,light red-1,#B22222,179,strength,lightred-1.wav
146,light red-2,#A52A2A,180,love,lightred-2.wav
147,light red-2,#A52A2A,181,love,lightred-2.wav
148,light red-2,#A52A2A,182,love,lightred-2.wav
149,light red-2,#A52A2A,183,love,lightred-2.wav
150,light red-2,#A52A2A,184,love,lightred-2.wav
151,light green,#20B2AA,205,quality,lightgreen1.wav
152,light green,#20B2AA,206,quality,lightgreen1.wav
153,light green,#20B2AA,207,quality,lightgreen1.wav
154,light green,#20B2AA,208,quality,lightgreen1.wav
155,light green,#20B2AA,209,quality,lightgreen1.wav
156,light green-2,#2E8B57,210,healing,lightgreen2.wav
157,light green-2,#2E8B57,211,healing,lightgreen2.wav
158,light green-2,#2E8B57,212,healing,lightgreen2.wav
159,light green-2,#2E8B57,213,healing,lightgreen2.wav
160,light green-2,#2E8B57,214,healing,lightgreen2.wav
161,orange,#FFA500,140,bravery,orange.wav
162,orange,#FFA500,141,bravery,orange.wav
163,orange,#FFA500,142,bravery,orange.wav
164,orange,#FFA500,143,bravery,orange.wav
165,orange,#FFA500,144,bravery,orange.wav
166,black,#000000,0,formality,black.wav
167,black,#000000,1,formality,black.wav
168,black,#000000,2,formality,black.wav
169,black,#000000,3,formality,black.wav
170,black,#000000,4,formality,black.wav
171,black,#000000,5,formality,black.wav
172,black,#000000,6,formality,black.wav
173,black,#000000,7,formality,black.wav
174,black,#000000,8,formality,black.wav
175,black,#000000,9,formality,black.wav
176,black,#000000,10,formality,black.wav
177,black,#000000,11,formality,black.wav
178,black,#000000,12,formality,black.wav
179,black,#000000,13,formality,black.wav
180,black,#000000,14,formality,black.wav
